{"stats":{"minecraft:custom":{"minecraft:fill_cauldron":1,"minecraft:play_one_minute":1866671,"minecraft:leave_game":30,"minecraft:time_since_death":11145,"minecraft:time_since_rest":11167,"minecraft:sprint_one_cm":1401550,"minecraft:damage_taken":10119,"minecraft:walk_one_cm":912015,"minecraft:drop":131,"minecraft:dive_one_cm":3412506,"minecraft:damage_dealt":4649,"minecraft:swim_one_cm":388836,"minecraft:fly_one_cm":15737656,"minecraft:player_kills":26,"minecraft:open_chest":197,"minecraft:crouch_one_cm":20089,"minecraft:deaths":72,"minecraft:sneak_time":24490,"minecraft:jump":8999,"minecraft:fall_one_cm":542314},"minecraft:dropped":{"minecraft:water_bucket":1,"minecraft:experience_bottle":99,"minecraft:enchanted_golden_apple":1,"minecraft:leather_helmet":3,"minecraft:sign":1,"minecraft:shield":9,"minecraft:trident":1,"minecraft:wooden_axe":2,"minecraft:quartz_block":1,"minecraft:leather_boots":5,"minecraft:potion":1,"minecraft:leather_leggings":1,"minecraft:wooden_sword":2,"minecraft:arrow":1,"minecraft:bow":1,"minecraft:written_book":2},"minecraft:picked_up":{"minecraft:wooden_axe":2,"minecraft:water_bucket":1,"minecraft:leather_leggings":1,"minecraft:potion":1,"minecraft:wooden_sword":2,"minecraft:leather_boots":5,"minecraft:experience_bottle":3,"minecraft:bow":1,"minecraft:iron_sword":1,"minecraft:trident":1,"minecraft:leather_helmet":3,"minecraft:stripped_acacia_log":1,"minecraft:rotten_flesh":3},"minecraft:killed_by":{"minecraft:player":34},"minecraft:used":{"minecraft:oak_fence":3,"minecraft:petrified_oak_slab":1,"minecraft:trident":870,"minecraft:water_bucket":977,"minecraft:end_rod":1,"minecraft:writable_book":27,"minecraft:cobblestone_stairs":20,"minecraft:stripped_acacia_log":6,"minecraft:armor_stand":18,"minecraft:oak_planks":2,"minecraft:blue_wool":38,"minecraft:ender_pearl":3,"minecraft:chest":15,"minecraft:jungle_pressure_plate":1,"minecraft:blue_concrete_powder":143,"minecraft:structure_void":121,"minecraft:cauldron":3,"minecraft:diamond_axe":1,"minecraft:quartz_stairs":319,"minecraft:structure_block":67,"minecraft:debug_stick":425,"minecraft:golden_apple":2,"minecraft:dark_oak_trapdoor":2,"minecraft:purpur_stairs":12,"minecraft:birch_pressure_plate":1,"minecraft:anvil":1,"minecraft:dark_prismarine_slab":259,"minecraft:hopper":2,"minecraft:blue_stained_glass":131,"minecraft:jungle_slab":46,"minecraft:light_gray_concrete_powder":127,"minecraft:chiseled_quartz_block":8,"minecraft:acacia_button":6,"minecraft:light_blue_stained_glass":39,"minecraft:oak_fence_gate":1,"minecraft:birch_fence":30,"minecraft:wooden_axe":1,"minecraft:sea_lantern":1,"minecraft:black_concrete":6,"minecraft:light_gray_stained_glass":20,"minecraft:bookshelf":7,"minecraft:quartz_pillar":479,"minecraft:red_wool":114,"minecraft:quartz_slab":278,"minecraft:command_block":908,"minecraft:birch_slab":28,"minecraft:heavy_weighted_pressure_plate":4,"minecraft:iron_block":372,"minecraft:light_weighted_pressure_plate":1,"minecraft:bread":5,"minecraft:acacia_slab":58,"minecraft:barrier":155,"minecraft:stone_button":8,"minecraft:quartz_block":8276,"minecraft:sign":225,"minecraft:stone_slab":746,"minecraft:iron_door":5,"minecraft:light_gray_wool":1015,"minecraft:birch_button":2,"minecraft:wooden_sword":30,"minecraft:glowstone":7,"minecraft:bow":29,"minecraft:snow":98,"minecraft:written_book":7,"minecraft:iron_trapdoor":284,"minecraft:jungle_button":2,"minecraft:acacia_pressure_plate":1,"minecraft:red_concrete_powder":114,"minecraft:white_stained_glass":434,"minecraft:bucket":2103,"minecraft:glass_pane":6,"minecraft:gold_block":360,"minecraft:prismarine_bricks_slab":24,"minecraft:enchanted_golden_apple":1,"minecraft:experience_bottle":7}},"DataVersion":1478}