{"stats":{"minecraft:used":{"minecraft:trident":13,"minecraft:wooden_axe":46,"minecraft:potion":8,"minecraft:bow":22,"minecraft:iron_sword":40},"minecraft:custom":{"minecraft:time_since_rest":14300,"minecraft:crouch_one_cm":3140,"minecraft:play_one_minute":658222,"minecraft:deaths":30,"minecraft:sprint_one_cm":338351,"minecraft:damage_taken":7428,"minecraft:walk_one_cm":134530,"minecraft:sneak_time":1034,"minecraft:drop":4,"minecraft:jump":587,"minecraft:dive_one_cm":94117,"minecraft:damage_dealt":5819,"minecraft:leave_game":7,"minecraft:time_since_death":14278,"minecraft:swim_one_cm":3014,"minecraft:fall_one_cm":277666,"minecraft:fly_one_cm":274539,"minecraft:player_kills":34},"minecraft:killed_by":{"minecraft:player":26},"minecraft:dropped":{"minecraft:potion":2,"minecraft:iron_sword":1,"minecraft:wooden_axe":1}},"DataVersion":1478}